library	barcode	sample
FCC21WPACXX-CHKPEI13070002_L6	AACTTGCAG	gc3124
FCC21WPACXX-CHKPEI13070002_L6	CCAGTGCAG	gc3134
FCC21WPACXX-CHKPEI13070002_L6	TTGAATGCAG	gc3138
FCC21WPACXX-CHKPEI13070002_L6	GGTCGTGCAG	gc3176
FCC21WPACXX-CHKPEI13070002_L6	AATGCATGCAG	gc3249
FCC21WPACXX-CHKPEI13070002_L6	CCATGATGCAG	gc3267
FCC21WPACXX-CHKPEI13070002_L6	TTGACCATGCAG	gc3290
FCC21WPACXX-CHKPEI13070002_L6	TGCCACATGCAG	gc3291
FCC21WPACXX-CHKPEI13070002_L6	GAACAATATGCAG	gc2725
FCC21WPACXX-CHKPEI13070002_L6	ACCACCGTTGCAG	gc2730
FCC21WPACXX-CHKPEI13070002_L6	CTTGTTACATGCAG	gc2731
FCC21WPACXX-CHKPEI13070002_L6	AGGTGGCGTTGCAG	gc2766
FCC21WPACXX-CHKPEI13070002_L6	GAACAACATTGCAG	gc2802
FCC21WPACXX-CHKPEI13070002_L6	CCTACCTGATGCAG	gc2808
FCC21WPACXX-CHKPEI13070002_L6	TTCTTGACATGCAG	gc2880
FCC21WPACXX-CHKPEI13070002_L6	AGCGGTGTTTGCAG	gc2940
FCC21WPACXX-CHKPEI13070003_L7	AACTTGCAG	gc3299
FCC21WPACXX-CHKPEI13070003_L7	CCAGTGCAG	gc2388
FCC21WPACXX-CHKPEI13070003_L7	TTGAATGCAG	gc2554
FCC21WPACXX-CHKPEI13070003_L7	GGTCGTGCAG	gc3167
FCC21WPACXX-CHKPEI13070003_L7	AATGCATGCAG	gc2691
FCC21WPACXX-CHKPEI13070003_L7	CCATGATGCAG	gc2695
FCC21WPACXX-CHKPEI13070003_L7	TTGACCATGCAG	gc2699
FCC21WPACXX-CHKPEI13070003_L7	TGCCACATGCAG	gc2700
FCC21WPACXX-CHKPEI13070003_L7	GAACAATATGCAG	gc2706
FCC21WPACXX-CHKPEI13070003_L7	ACCACCGTTGCAG	gc2707
FCC21WPACXX-CHKPEI13070003_L7	CTTGTTACATGCAG	gc2708
FCC21WPACXX-CHKPEI13070003_L7	AGGTGGCGTTGCAG	gc2709
FCC21WPACXX-CHKPEI13070003_L7	GAACAACATTGCAG	gc2710
FCC21WPACXX-CHKPEI13070003_L7	CCTACCTGATGCAG	gc2726
FCC21WPACXX-CHKPEI13070003_L7	TTCTTGACATGCAG	gc2727
FCC21WPACXX-CHKPEI13070003_L7	AGCGGTGTTTGCAG	gc2728
FCC229TACXX-CHKPEI13070001_L3	AACTTGCAG	gc2364
FCC229TACXX-CHKPEI13070001_L3	CCAGTGCAG	gc2377
FCC229TACXX-CHKPEI13070001_L3	TTGAATGCAG	gc2378
FCC229TACXX-CHKPEI13070001_L3	GGTCGTGCAG	gc2380
FCC229TACXX-CHKPEI13070001_L3	AATGCATGCAG	gc2545
FCC229TACXX-CHKPEI13070001_L3	CCATGATGCAG	gc2547
FCC229TACXX-CHKPEI13070001_L3	TTGACCATGCAG	gc2553
FCC229TACXX-CHKPEI13070001_L3	TGCCACATGCAG	gc2571
FCC229TACXX-CHKPEI13070001_L3	GAACAATATGCAG	gc2596
FCC229TACXX-CHKPEI13070001_L3	ACCACCGTTGCAG	gc2597
FCC229TACXX-CHKPEI13070001_L3	CTTGTTACATGCAG	gc2598
FCC229TACXX-CHKPEI13070001_L3	AGGTGGCGTTGCAG	gc2599
FCC229TACXX-CHKPEI13070001_L3	GAACAACATTGCAG	gc2600
FCC229TACXX-CHKPEI13070001_L3	CCTACCTGATGCAG	gc2602
FCC229TACXX-CHKPEI13070001_L3	TTCTTGACATGCAG	gc2623
FCC229TACXX-CHKPEI13070001_L3	AGCGGTGTTTGCAG	gc2686
FCC2GPDACXX-CHKPEI13070004_L2	AACTTGCAG	ora624
FCC2GPDACXX-CHKPEI13070004_L2	CCAGTGCAG	ora625
FCC2GPDACXX-CHKPEI13070004_L2	TTGAATGCAG	ora626
FCC2GPDACXX-CHKPEI13070004_L2	GGTCGTGCAG	ora627
FCC2GPDACXX-CHKPEI13070004_L2	AATGCATGCAG	ora628
FCC2GPDACXX-CHKPEI13070004_L2	CCATGATGCAG	ora629
FCC2GPDACXX-CHKPEI13070004_L2	TTGACCATGCAG	ora630
FCC2GPDACXX-CHKPEI13070004_L2	TGCCACATGCAG	ora631
FCC2GPDACXX-CHKPEI13070004_L2	GAACAATATGCAG	ora632
FCC2GPDACXX-CHKPEI13070004_L2	ACCACCGTTGCAG	ora633
FCC2GPDACXX-CHKPEI13070004_L2	CTTGTTACATGCAG	ora634
FCC2GPDACXX-CHKPEI13070004_L2	AGGTGGCGTTGCAG	ora635
FCC2GPDACXX-CHKPEI13070004_L2	GAACAACATTGCAG	ora636
FCC2GPDACXX-CHKPEI13070004_L2	CCTACCTGATGCAG	ora637
FCC2GPDACXX-CHKPEI13070004_L2	TTCTTGACATGCAG	ora638
FCC2GPDACXX-CHKPEI13070004_L2	AGCGGTGTTTGCAG	ora639
FCC2GPDACXX-CHKPEI13070005_L3	AACTTGCAG	ora640
FCC2GPDACXX-CHKPEI13070005_L3	CCAGTGCAG	ora641
FCC2GPDACXX-CHKPEI13070005_L3	TTGAATGCAG	ora642
FCC2GPDACXX-CHKPEI13070005_L3	GGTCGTGCAG	ora643
FCC2GPDACXX-CHKPEI13070005_L3	AATGCATGCAG	ora644
FCC2GPDACXX-CHKPEI13070005_L3	CCATGATGCAG	ora645
FCC2GPDACXX-CHKPEI13070005_L3	TTGACCATGCAG	ora646
FCC2GPDACXX-CHKPEI13070005_L3	TGCCACATGCAG	ora647
FCC2GPDACXX-CHKPEI13070005_L3	GAACAATATGCAG	ora648
FCC2GPDACXX-CHKPEI13070005_L3	ACCACCGTTGCAG	ora649
FCC2GPDACXX-CHKPEI13070005_L3	CTTGTTACATGCAG	ora650
FCC2GPDACXX-CHKPEI13070005_L3	AGGTGGCGTTGCAG	ora651
FCC2GPDACXX-CHKPEI13070005_L3	GAACAACATTGCAG	ora652
FCC2GPDACXX-CHKPEI13070005_L3	CCTACCTGATGCAG	ora653
FCC2GPDACXX-CHKPEI13070005_L3	TTCTTGACATGCAG	ora654
FCC2GPDACXX-CHKPEI13070005_L3	AGCGGTGTTTGCAG	ora655
FCC2GPDACXX-CHKPEI13070006_L4	AACTTGCAG	ora656
FCC2GPDACXX-CHKPEI13070006_L4	CCAGTGCAG	ora657
FCC2GPDACXX-CHKPEI13070006_L4	TTGAATGCAG	ora658
FCC2GPDACXX-CHKPEI13070006_L4	GGTCGTGCAG	ora659
FCC2GPDACXX-CHKPEI13070006_L4	AATGCATGCAG	ora660
FCC2GPDACXX-CHKPEI13070006_L4	CCATGATGCAG	ora661
FCC2GPDACXX-CHKPEI13070006_L4	TTGACCATGCAG	ora662
FCC2GPDACXX-CHKPEI13070006_L4	TGCCACATGCAG	ora663
FCC2GPDACXX-CHKPEI13070006_L4	GAACAATATGCAG	ora664
FCC2GPDACXX-CHKPEI13070006_L4	ACCACCGTTGCAG	ora665
FCC2GPDACXX-CHKPEI13070006_L4	CTTGTTACATGCAG	ora666
FCC2GPDACXX-CHKPEI13070006_L4	AGGTGGCGTTGCAG	ora667
FCC2GPDACXX-CHKPEI13070006_L4	GAACAACATTGCAG	ora668
FCC2GPDACXX-CHKPEI13070006_L4	CCTACCTGATGCAG	ora669
FCC2GPDACXX-CHKPEI13070006_L4	TTCTTGACATGCAG	ora670
FCC2GPDACXX-CHKPEI13070006_L4	AGCGGTGTTTGCAG	ora671
FCC2GPDACXX-CHKPEI13070007_L6	AACTTGCAG	ora672
FCC2GPDACXX-CHKPEI13070007_L6	CCAGTGCAG	ora673
FCC2GPDACXX-CHKPEI13070007_L6	TTGAATGCAG	oraA
FCC2GPDACXX-CHKPEI13070007_L6	GGTCGTGCAG	oraB
FCC2GPDACXX-CHKPEI13070007_L6	AATGCATGCAG	oraC
FCC2GPDACXX-CHKPEI13070007_L6	CCATGATGCAG	gc2761
FCC2GPDACXX-CHKPEI13070007_L6	TTGACCATGCAG	gc2776
FCC2GPDACXX-CHKPEI13070007_L6	TGCCACATGCAG	gc2794
FCC2GPDACXX-CHKPEI13070007_L6	GAACAATATGCAG	gc2795
FCC2GPDACXX-CHKPEI13070007_L6	ACCACCGTTGCAG	gc2884
FCC2GPDACXX-CHKPEI13070007_L6	CTTGTTACATGCAG	gc2897
FCC2GPDACXX-CHKPEI13070007_L6	AGGTGGCGTTGCAG	gc2899
FCC2GPDACXX-CHKPEI13070007_L6	GAACAACATTGCAG	gc2901
FCC2GPDACXX-CHKPEI13070007_L6	CCTACCTGATGCAG	gc2917
FCC2GPDACXX-CHKPEI13070007_L6	TTCTTGACATGCAG	gc2922
FCC2GPDACXX-CHKPEI13070007_L6	AGCGGTGTTTGCAG	gc2923
