ID	Barcode	Library
gc2364	AACT	FCC229TACXX-CHKPEI13070001_L3
gc2377	CCAG	FCC229TACXX-CHKPEI13070001_L3
gc2378	TTGAA	FCC229TACXX-CHKPEI13070001_L3
gc2380	GGTCG	FCC229TACXX-CHKPEI13070001_L3
gc2545	AATGCA	FCC229TACXX-CHKPEI13070001_L3
gc2547	CCATGA	FCC229TACXX-CHKPEI13070001_L3
gc2553	TTGACCA	FCC229TACXX-CHKPEI13070001_L3
gc2571	TGCCACA	FCC229TACXX-CHKPEI13070001_L3
gc2596	GAACAATA	FCC229TACXX-CHKPEI13070001_L3
gc2597	ACCACCGT	FCC229TACXX-CHKPEI13070001_L3
gc2598	CTTGTTACA	FCC229TACXX-CHKPEI13070001_L3
gc2599	AGGTGGCGT	FCC229TACXX-CHKPEI13070001_L3
gc2600	GAACAACAT	FCC229TACXX-CHKPEI13070001_L3
gc2602	CCTACCTGA	FCC229TACXX-CHKPEI13070001_L3
gc2623	TTCTTGACA	FCC229TACXX-CHKPEI13070001_L3
gc2686	AGCGGTGTT	FCC229TACXX-CHKPEI13070001_L3
gc3124	AACT	FCC21WPACXX-CHKPEI13070002_L6
gc3134	CCAG	FCC21WPACXX-CHKPEI13070002_L6
gc3138	TTGAA	FCC21WPACXX-CHKPEI13070002_L6
gc3176	GGTCG	FCC21WPACXX-CHKPEI13070002_L6
gc3249	AATGCA	FCC21WPACXX-CHKPEI13070002_L6
gc3267	CCATGA	FCC21WPACXX-CHKPEI13070002_L6
gc3290	TTGACCA	FCC21WPACXX-CHKPEI13070002_L6
gc3291	TGCCACA	FCC21WPACXX-CHKPEI13070002_L6
gc2725	GAACAATA	FCC21WPACXX-CHKPEI13070002_L6
gc2730	ACCACCGT	FCC21WPACXX-CHKPEI13070002_L6
gc2731	CTTGTTACA	FCC21WPACXX-CHKPEI13070002_L6
gc2766	AGGTGGCGT	FCC21WPACXX-CHKPEI13070002_L6
gc2802	GAACAACAT	FCC21WPACXX-CHKPEI13070002_L6
gc2808	CCTACCTGA	FCC21WPACXX-CHKPEI13070002_L6
gc2880	TTCTTGACA	FCC21WPACXX-CHKPEI13070002_L6
gc2940	AGCGGTGTT	FCC21WPACXX-CHKPEI13070002_L6
gc3299	AACT	FCC21WPACXX-CHKPEI13070003_L7
gc2388	CCAG	FCC21WPACXX-CHKPEI13070003_L7
gc2554	TTGAA	FCC21WPACXX-CHKPEI13070003_L7
gc3167	GGTCG	FCC21WPACXX-CHKPEI13070003_L7
gc2691	AATGCA	FCC21WPACXX-CHKPEI13070003_L7
gc2695	CCATGA	FCC21WPACXX-CHKPEI13070003_L7
gc2699	TTGACCA	FCC21WPACXX-CHKPEI13070003_L7
gc2700	TGCCACA	FCC21WPACXX-CHKPEI13070003_L7
gc2706	GAACAATA	FCC21WPACXX-CHKPEI13070003_L7
gc2707	ACCACCGT	FCC21WPACXX-CHKPEI13070003_L7
gc2708	CTTGTTACA	FCC21WPACXX-CHKPEI13070003_L7
gc2709	AGGTGGCGT	FCC21WPACXX-CHKPEI13070003_L7
gc2710	GAACAACAT	FCC21WPACXX-CHKPEI13070003_L7
gc2726	CCTACCTGA	FCC21WPACXX-CHKPEI13070003_L7
gc2727	TTCTTGACA	FCC21WPACXX-CHKPEI13070003_L7
gc2728	AGCGGTGTT	FCC21WPACXX-CHKPEI13070003_L7
ora624	AACT	FCC2GPDACXX-CHKPEI13070004_L2
ora625	CCAG	FCC2GPDACXX-CHKPEI13070004_L2
ora626	TTGAA	FCC2GPDACXX-CHKPEI13070004_L2
ora627	GGTCG	FCC2GPDACXX-CHKPEI13070004_L2
ora628	AATGCA	FCC2GPDACXX-CHKPEI13070004_L2
ora629	CCATGA	FCC2GPDACXX-CHKPEI13070004_L2
ora630	TTGACCA	FCC2GPDACXX-CHKPEI13070004_L2
ora631	TGCCACA	FCC2GPDACXX-CHKPEI13070004_L2
ora632	GAACAATA	FCC2GPDACXX-CHKPEI13070004_L2
ora633	ACCACCGT	FCC2GPDACXX-CHKPEI13070004_L2
ora634	CTTGTTACA	FCC2GPDACXX-CHKPEI13070004_L2
ora635	AGGTGGCGT	FCC2GPDACXX-CHKPEI13070004_L2
ora636	GAACAACAT	FCC2GPDACXX-CHKPEI13070004_L2
ora637	CCTACCTGA	FCC2GPDACXX-CHKPEI13070004_L2
ora638	TTCTTGACA	FCC2GPDACXX-CHKPEI13070004_L2
ora639	AGCGGTGTT	FCC2GPDACXX-CHKPEI13070004_L2
ora640	AACT	FCC2GPDACXX-CHKPEI13070005_L3
ora641	CCAG	FCC2GPDACXX-CHKPEI13070005_L3
ora642	TTGAA	FCC2GPDACXX-CHKPEI13070005_L3
ora643	GGTCG	FCC2GPDACXX-CHKPEI13070005_L3
ora644	AATGCA	FCC2GPDACXX-CHKPEI13070005_L3
ora645	CCATGA	FCC2GPDACXX-CHKPEI13070005_L3
ora646	TTGACCA	FCC2GPDACXX-CHKPEI13070005_L3
ora647	TGCCACA	FCC2GPDACXX-CHKPEI13070005_L3
ora648	GAACAATA	FCC2GPDACXX-CHKPEI13070005_L3
ora649	ACCACCGT	FCC2GPDACXX-CHKPEI13070005_L3
ora650	CTTGTTACA	FCC2GPDACXX-CHKPEI13070005_L3
ora651	AGGTGGCGT	FCC2GPDACXX-CHKPEI13070005_L3
ora652	GAACAACAT	FCC2GPDACXX-CHKPEI13070005_L3
ora653	CCTACCTGA	FCC2GPDACXX-CHKPEI13070005_L3
ora654	TTCTTGACA	FCC2GPDACXX-CHKPEI13070005_L3
ora655	AGCGGTGTT	FCC2GPDACXX-CHKPEI13070005_L3
ora656	AACT	FCC2GPDACXX-CHKPEI13070006_L4
ora657	CCAG	FCC2GPDACXX-CHKPEI13070006_L4
ora658	TTGAA	FCC2GPDACXX-CHKPEI13070006_L4
ora659	GGTCG	FCC2GPDACXX-CHKPEI13070006_L4
ora660	AATGCA	FCC2GPDACXX-CHKPEI13070006_L4
ora661	CCATGA	FCC2GPDACXX-CHKPEI13070006_L4
ora662	TTGACCA	FCC2GPDACXX-CHKPEI13070006_L4
ora663	TGCCACA	FCC2GPDACXX-CHKPEI13070006_L4
ora664	GAACAATA	FCC2GPDACXX-CHKPEI13070006_L4
ora665	ACCACCGT	FCC2GPDACXX-CHKPEI13070006_L4
ora666	CTTGTTACA	FCC2GPDACXX-CHKPEI13070006_L4
ora667	AGGTGGCGT	FCC2GPDACXX-CHKPEI13070006_L4
ora668	GAACAACAT	FCC2GPDACXX-CHKPEI13070006_L4
ora669	CCTACCTGA	FCC2GPDACXX-CHKPEI13070006_L4
ora670	TTCTTGACA	FCC2GPDACXX-CHKPEI13070006_L4
ora671	AGCGGTGTT	FCC2GPDACXX-CHKPEI13070006_L4
ora672	AACT	FCC2GPDACXX-CHKPEI13070007_L6
ora673	CCAG	FCC2GPDACXX-CHKPEI13070007_L6
oraA	TTGAA	FCC2GPDACXX-CHKPEI13070007_L6
oraB	GGTCG	FCC2GPDACXX-CHKPEI13070007_L6
oraC	AATGCA	FCC2GPDACXX-CHKPEI13070007_L6
gc2761	CCATGA	FCC2GPDACXX-CHKPEI13070007_L6
gc2776	TTGACCA	FCC2GPDACXX-CHKPEI13070007_L6
gc2794	TGCCACA	FCC2GPDACXX-CHKPEI13070007_L6
gc2795	GAACAATA	FCC2GPDACXX-CHKPEI13070007_L6
gc2884	ACCACCGT	FCC2GPDACXX-CHKPEI13070007_L6
gc2897	CTTGTTACA	FCC2GPDACXX-CHKPEI13070007_L6
gc2899	AGGTGGCGT	FCC2GPDACXX-CHKPEI13070007_L6
gc2901	GAACAACAT	FCC2GPDACXX-CHKPEI13070007_L6
gc2917	CCTACCTGA	FCC2GPDACXX-CHKPEI13070007_L6
gc2922	TTCTTGACA	FCC2GPDACXX-CHKPEI13070007_L6
gc2923	AGCGGTGTT	FCC2GPDACXX-CHKPEI13070007_L6
